CCGACCCGTT,9.7286723659
AATCTACGTT,11.659286192
ATCGGAAGTT,11.4748832292
TTCCAGCCTT,3.8550915924
CTTACACCTT,2.5220496935
AAAAAACCTT,7.8350907824
ACGATCACTT,8.1868897347
ATCATCACTT,7.3465392528
CGACCATATT,7.4328332703
AAAATCCATT,11.7454317265
CAAACCCATT,11.6498733798
AAATACCATT,10.6100473716
CACAAACATT,9.6743214134
CCGCATAATT,9.1875543695
CACGCCAATT,11.398210816
AGGAACAATT,10.4364499571
GCTAGAAATT,11.8547689534
ACCAAAAATT,10.5764963432
GAACGCCGGT,9.4103179655
GCGTCCAGGT,10.7942109604
AAACAAAGGT,9.9829681936
AAACGCTCGT,10.3517003432
ATAAAAGCGT,7.0153611438
ATCTATCCGT,9.3343407349
TCCACCCCGT,7.891808027
AATCACCCGT,5.4150632613
ACAAACCCGT,8.8505819842
TTAAAGACGT,3.5298414189
ACCCGCACGT,9.3492829083
CCCAACACGT,3.5759373332
AACCTTGAGT,8.6623539373
GCGCCGGAGT,8.2229038513
ACCCCCGAGT,11.089312709
CTGGCAGAGT,8.2571508303
CCAAGGCAGT,8.2975597325
CAGCGCCAGT,7.1808932654
GCACTACAGT,11.409465429
GTCCAGAAGT,11.3192796768
GCCCAGAAGT,9.8827002515
GACCCAAAGT,9.3881996044
AAACCAAAGT,9.675922074
CCCAATCTCT,8.0789520178
ACAACCCTCT,7.2970486673
AACCCACTCT,6.7847803183
AACTAAATCT,8.8184767412
ACGCAAATCT,8.821066939
ACCCAAATCT,7.7343573358
TTAACCGGCT,10.6679050938
CCAAACGGCT,7.140620666
AAAGCAGGCT,9.5292314958
CACAAAGGCT,6.9810774514
CTCATCCGCT,11.356465906
AAACACCGCT,8.4402941354
TCAAACCGCT,10.6949358015
AAATCACGCT,11.0601823461
AACAAACGCT,11.8130196515
GGGAAGAGCT,8.7109629985
ACCGGCAGCT,8.3508293046
CCACGCAGCT,11.5700774354
ATTCTAAGCT,10.6877586757
CAAAAAAGCT,11.3070845111
CGCAAGTCCT,9.2136348357
CTAAACTCCT,9.0786506656
AAGAAATCCT,8.147784095
AAAAAATCCT,9.0866509126
ACACTCGCCT,3.6301071709
CGAGATCCCT,8.5714599694
CTCCTGCCCT,8.4023619768
CCCTAGCCCT,8.5606076837
ATCAAGCCCT,10.2177249457
ACCAAGCCCT,8.9861186659
TCACACCCCT,6.129096217
ATCGAACCCT,9.6129915144
GCAGGTACCT,9.7908546747
CCCCGTACCT,8.9552340847
CAGGCTACCT,7.0776591961
GAAGAGACCT,7.5040503966
GACCAGACCT,4.1040780652
AGCAGAACCT,8.5971760489
GCAACAACCT,4.8001956308
CCAACAACCT,4.5249585578
ACCGAAACCT,7.3316212189
CCACAAACCT,5.5630200285
TCGACGTACT,10.2335433844
ACACGCTACT,10.9391124612
CCATCCTACT,9.8657699302
CTCCCATACT,9.025778605
CTAAAATACT,10.0632954732
CCCCATGACT,7.9183011827
AGCAATGACT,12.5089658911
CCCGCCGACT,3.7759330375
CCGCCCGACT,8.2830974012
GCTTACGACT,11.0810228345
AGCAACGACT,10.3704103742
ACTGCAGACT,10.4890612477
CCGTGTCACT,9.3102324051
ACTCATCACT,10.2967006992
AAACCGCACT,10.7431122642
CCTACGCACT,9.1571880087
ACAAGCCACT,11.1049097982
CCAGCCCACT,11.0506510248
AATCCCCACT,11.1402160118
AGCTAACACT,10.1747854811
CTCGAACACT,10.5842451325
AAATCTAACT,10.9300416236
GTTGGGAACT,7.5767272806
GCAGGGAACT,10.0661580906
CAACGGAACT,11.6616905409
AAACGGAACT,9.8558064352
CCCATCAACT,9.558925897
CCACGCAACT,10.5522896015
ATCACCAACT,9.3741027157
GCCTCAAACT,11.4174653262
CAAACAAACT,12.694768555
GTACAAGTAT,3.5989442417
GAAAGTCTAT,9.5321672427
CACCCTCTAT,2.040105178
CACCCCCTAT,2.4071016108
AAAACCCTAT,8.4261359134
AAGAGGATAT,3.3548535549
AAATCGATAT,7.262146563
GTACAGATAT,5.0007475353
AACGCAATAT,7.6655365067
GCTCCCTGAT,10.400038152
ACAATTGGAT,9.8201590134
AAACTAGGAT,8.5483379766
CTACGCCGAT,10.4229906417
ATGCACCGAT,3.9075953009
AACCAACGAT,11.4904608449
ATCCCTAGAT,12.1522291342
GAAGATAGAT,11.9016335746
AAGGTCAGAT,10.5041529033
AAAGTCAGAT,11.2856902642
TAGGCCAGAT,10.1233580397
ACAGCCAGAT,11.0636023789
TACCGAAGAT,4.3957415927
AAACGAAGAT,12.436684277
CGTTCAAGAT,11.4559493798
CGCGCAAGAT,11.331582206
GTGACAAGAT,9.0168273622
ACCGAAAGAT,8.223540125
AGAAAAAGAT,12.086719674
CAGAAGTCAT,7.2476311907
GCAACCTCAT,6.0167732389
CCATACTCAT,5.6289774462
CTGAGATCAT,3.6890189849
CGGTCATCAT,4.459100561
GAACCATCAT,2.8881841413
CTACAGGCAT,3.9651918825
CAAGGTCCAT,10.4465104757
CCGAATCCAT,7.9732751626
CAAAGGCCAT,8.6680123481
CAAACGCCAT,5.9356466256
GCCGAGCCAT,7.7973167243
GAACGCCCAT,9.1824115655
CGCAGCCCAT,8.7620603796
CAGAACCCAT,8.4445291125
AGCCTACCAT,7.6474373869
ACCCCTACAT,9.4507953837
TTAACTACAT,8.8471716924
CCCCATACAT,7.7362926344
AGAGCCACAT,10.0027271354
AAACACACAT,7.6192341692
ATAAACACAT,9.1103164326
ACAAACACAT,9.3025540931
CTTGTAACAT,9.0746406508
AGGCGAACAT,6.8370371611
GCCACAACAT,4.8149387925
AAAGAAACAT,9.1190710071
AACCCCTAAT,9.856882284
ACAACATAAT,10.8131836787
CTAAAATAAT,10.6419771722
ACGTCGGAAT,11.9295243872
CGATAGGAAT,11.7993356994
CTATACGAAT,12.6297874603
CCGCACGAAT,12.772408006
CTAGTAGAAT,11.2095376741
CCACCAGAAT,4.0232890428
ACGCAAGAAT,12.7371015031
AACCGTCAAT,10.1935674125
CAACGTCAAT,11.2209860893
AAACGTCAAT,12.0822957045
CAAGGGCAAT,7.8855824486
CAACCGCAAT,11.3914686869
CCCGAGCAAT,10.9496087899
AACAAGCAAT,12.2202674619
CCCCTCCAAT,10.8951977937
ACAATCCAAT,12.9197479903
CAATCCCAAT,12.8227337456
CGGGCCCAAT,9.9465978564
GGAGCCCAAT,10.7974825384
CCCCCCCAAT,11.1185827125
TCACCCCAAT,9.9398096315
CCCACCCAAT,9.3739185533
GGCGTACAAT,9.261606092
ACCAGACAAT,8.9768565781
CCGCCACAAT,10.6314116379
ATAACACAAT,11.8807596466
AAAAAACAAT,11.8608797169
GCACATAAAT,12.4354428219
CCATTGAAAT,10.7645960766
AAGAGGAAAT,10.7914469974
AGCACGAAAT,13.0131808788
CGACAGAAAT,10.627539143
ACCAAGAAAT,11.6017657007
AACAAGAAAT,12.0997117538
AGGCTCAAAT,12.0634290965
CAACTCAAAT,12.0694232664
AAGCCCAAAT,11.7108645633
AAACCCAAAT,11.9590440565
GACACCAAAT,8.3534005144
GAATACAAAT,13.1823032201
AACCACAAAT,10.7346424234
TAACACAAAT,11.845397829
GCAAACAAAT,9.2555237539
CCTTGAAAAT,10.2806044333
TCGGCAAAAT,11.1399749028
CAGTAAAAAT,13.5258262257
CCCAAAAAAT,10.6124022225
GTAAGCGTTG,7.5330742836
AGAGTCAGTG,10.1604289728
ACCCGAAGTG,8.3536126104
TTCACAAGTG,9.7450088169
GAAGAAAGTG,9.2497423915
AATCCCCCTG,9.7380914622
CTCCACCCTG,6.3403631022
CCCACACCTG,3.6977426849
CCACAACCTG,5.9082560361
ATACCGACTG,7.3009230482
ACCAGCACTG,8.1098884045
ACGCCCACTG,7.2926517214
CCCAAGTATG,9.214817765
ACACCATATG,8.1130226953
AGGCCCGATG,4.6126012601
ACCACTCATG,11.5595185027
CCGAATCATG,10.2411359036
CACGCCCATG,10.1278658692
CTTGATAATG,10.3260750186
CGCTAAAATG,9.5196846617
AGTAAGCTGG,5.0615425251
ATATATAGGG,7.1535440012
GAACGGAGGG,7.5010704689
CGGAAGAGGG,2.2859654984
TTCTCCAGGG,4.6096760508
AAACACAGGG,7.0532423045
CATCTAAGGG,2.6100412321
CATAAAAGGG,5.1519795159
CCACCGCCGG,2.0397128115
CAAACGCCGG,4.8209526312
TAAAACCCGG,6.2069378542
CAACAACCGG,3.5471655225
AGCAAACCGG,5.3995352685
AGACTTACGG,6.4071783546
GAAGCTACGG,7.1262246228
AGAACGACGG,6.4099395976
CCCGCCACGG,4.885196449
AATCACACGG,6.060250484
CATCAAACGG,2.4570604764
AGTGATTAGG,8.5693372335
GAACACTAGG,10.0411443674
CAAATATAGG,8.8474471461
ATCGGCGAGG,9.6747411934
CAACACGAGG,7.8087974546
AGCCCAGAGG,7.7568256868
ACAACTCAGG,10.6301519839
AGCGCGCAGG,12.4188958772
ACCCAGCAGG,9.2724374072
CAAACCCAGG,4.4181438412
AAATCACAGG,10.1939397246
ACGACACAGG,7.868294521
ACAACACAGG,9.5370804507
ACGGCGAAGG,10.2159345893
GCGAAGAAGG,8.7723508747
AACGCCAAGG,9.6099329653
CAGACCAAGG,8.3917894851
CAGACCTTCG,5.6961035727
TACCCAGTCG,4.2354642163
GCACGGCTCG,9.7694070832
CCTGACCTCG,5.3155983886
CAGAACCTCG,8.320464383
AAAACACTCG,9.5289460725
AATAAACTCG,10.5550724546
CCCAAACTCG,7.8481166009
AATCCCATCG,6.5979142269
GGCCCCATCG,5.1616254793
CACCAAATCG,4.0124337133
CAACGGGGCG,3.8114938341
CCCGAGCGCG,9.3060508677
AATCTCCGCG,10.7362468291
ACCCTCCGCG,10.7528811288
ATGATCCGCG,4.5391371651
CAGCCCCGCG,10.2902403204
CAACACCGCG,6.2960904941
ATCCAACGCG,10.9889911444
CAAGATAGCG,10.0207933445
AGAAAGAGCG,11.036896028
TACCGCAGCG,9.74655199
GGATCCAGCG,10.7047137717
ACACCCAGCG,8.6301866146
AATAGAAGCG,10.7501690715
CACCCAAGCG,6.9886314905
CAAACAAGCG,11.4900115582
TTCCCTTCCG,8.9270251947
TACCGATCCG,9.1224687667
CCGAGATCCG,7.0551477882
ACCCAATCCG,9.4653217732
CACTCCGCCG,6.2417472284
ATCCACGCCG,7.9099066087
AAGAACGCCG,6.7946024016
CCGCGAGCCG,9.916218869
AACCGAGCCG,8.0714614816
GTTCAAGCCG,7.57594439
GGCCATCCCG,7.4703396634
TAACATCCCG,9.2297817874
ACTGAGCCCG,9.9090401825
CCTAAGCCCG,8.5905406924
GCCAAGCCCG,8.9684787193
TAACTCCCCG,10.1213013607
TTCGCCCCCG,9.9322723024
CAAGCCCCCG,11.3096689167
ACTGACCCCG,9.3719486247
ACAGACCCCG,8.2419355578
AAGATACCCG,8.1400484929
GTCTCACCCG,6.4341323402
ACAACACCCG,5.0176793785
AACGAACCCG,10.9895636231
CTGCAACCCG,8.3803207524
TAGCAACCCG,8.1131763857
AACCAACCCG,8.7144347975
GCACGTACCG,10.4837982937
ACTACTACCG,10.823998047
CCGAATACCG,6.9686753781
GAACGGACCG,7.9187238079
TCCCCGACCG,8.6168081965
TAACAGACCG,8.6918234198
ACATCCACCG,5.5807883117
ACGCCCACCG,6.3801850523
CTACCCACCG,6.5516312132
AAAACCACCG,7.6917813401
TCGTACACCG,7.4356719538
GTACACACCG,2.0911855985
CAACGAACCG,9.8272593258
CCCTCAACCG,6.8704760534
CAACCAACCG,6.324494627
GAGACGTACG,9.6589425957
CCTTCCTACG,9.8638232672
AAACCCTACG,10.8617839599
ACAGTCGACG,9.1656344718
CAGGCCGACG,8.5409194816
GACTGAGACG,6.1379293131
GACGGAGACG,7.0364601317
CCCCCAGACG,6.1282519609
ACTCTCCACG,10.5271105438
GCCATCCACG,9.7279522015
GAGAGCCACG,10.7924315771
ACAAGCCACG,11.9164876465
AACCCCCACG,10.5247666394
CAAACCCACG,11.5568484932
CCAAACCACG,8.9148863417
AACTAACACG,10.6106366877
ACCCTTAACG,9.5320034823
AGAAATAACG,11.5116834418
ACGACGAACG,10.8111719486
TACCCCAACG,10.2408063041
CTGGACAACG,6.1778583515
CAACAAAACG,10.7748949217
AAGCAATTAG,8.4296669012
AAGCTAGTAG,7.2305089506
GGTCGAGTAG,8.3867218723
ACAGAAGTAG,7.8435494447
GCTCAGCTAG,3.1341193535
TAGTCACTAG,6.5681595235
TCCTAACTAG,8.9736560918
AGAATCATAG,10.5849819751
CCCCCCATAG,7.6718723561
CAATCCGGAG,9.2914895246
ACCACAGGAG,7.770390415
CACGAAGGAG,8.7289551128
GCAAAAGGAG,8.5398721547
CCGCCTCGAG,9.0132261459
ACTGAGCGAG,11.1614872948
ATACTCCGAG,10.0655337655
CACATCCGAG,9.218266173
CTCCACCGAG,8.2766202556
ACAGCACGAG,9.8814382611
CACTAGAGAG,9.1298476192
ACTGCCAGAG,11.425858145
ACGCACAGAG,11.1147833409
CAAAACAGAG,11.0659239326
TAACCAAGAG,9.5513923035
TATACAAGAG,11.4734453859
CACGTCTCAG,8.8760651851
AGTTCATCAG,9.0340371385
AAGCAATCAG,10.2876765815
TACAAATCAG,9.6040576408
CAGATCGCAG,10.1374167124
AATAGCGCAG,10.6273629554
ACAACCGCAG,7.2282347081
TCGAACGCAG,9.2689413905
ACAGTTCCAG,10.1714194172
GTAACTCCAG,9.2875723052
CACCCGCCAG,5.2572028792
CCAAAGCCAG,5.9266340186
CCGGCCCCAG,8.1844335276
ATCGCCCCAG,8.6360437436
CCAACCCCAG,7.1008772122
CAATACCCAG,6.8913239339
CAACACCCAG,4.606430819
CCATATACAG,7.5184382055
AGGGATACAG,6.5453385519
AAGAGGACAG,5.9420456527
CATAAGACAG,7.1308207771
CCCACCACAG,7.8591289515
ACAGCAACAG,9.8027745063
CTAACAACAG,9.4787082384
CACCAAACAG,5.1183486238
CGACGTTAAG,11.1103351097
ACCAGCTAAG,10.2206309244
CAAGCCTAAG,12.2925969363
AAGCCCTAAG,12.0616274075
CGGGACTAAG,6.8856368071
TCCCGATAAG,11.353872814
AAATAATAAG,11.772060054
ACAAAATAAG,10.0681869383
AACAATGAAG,12.1365670362
GAGAGAGAAG,11.0468709063
CGCCCAGAAG,9.7785539806
GAGACAGAAG,8.9576958225
GCGAAAGAAG,11.27461238
ATCAAAGAAG,11.3253203208
CGCAAAGAAG,11.3514752874
TAGGGTCAAG,9.4523283137
CTCAAGCAAG,11.4639163572
AAAAGCCAAG,11.3138764268
GAACCCCAAG,11.8408190545
ACCACCCAAG,10.1926874256
CTCAACCAAG,8.9807723181
CCAAACCAAG,8.9873866516
AAAGCACAAG,5.9862413657
AGTCCACAAG,12.6560813972
GAAACACAAG,12.2169226125
ATGGAACAAG,6.6572021081
AAAGCTAAAG,12.7922963878
GACCCGAAAG,10.8926441344
CCTGCCAAAG,10.6617018712
TACCCCAAAG,11.0025576789
ACACCCAAAG,9.4758735276
GAATACAAAG,12.6356370409
AGGAAAAAAG,12.0328660645
ACCGCATTTC,7.5041549589
GCAACTGTTC,5.6735469138
AGGAATGTTC,9.428529552
TCCGAGGTTC,6.0539533431
AGGAACGTTC,6.4944703342
CTCCCACTTC,6.1213315906
ATACAGATTC,8.7996956641
AACCACATTC,6.3145646872
TCACAAATTC,5.0992670934
TAAAACGGTC,10.381405472
AAAAAGCGTC,11.2828332651
AAAGCCCGTC,12.2132019503
CAAAACCGTC,10.5213466444
CCCACACGTC,9.9586415599
ATAACACGTC,10.9294018656
AGAGGTAGTC,11.2204338808
AACAATAGTC,12.4461635993
CGGGGGAGTC,8.3078362281
TACGAGAGTC,10.7971312164
CGAAAGAGTC,11.9832033413
CACCGCAGTC,8.6829472175
TAACACAGTC,10.8064722284
CCAAACAGTC,10.1005246123
CCAGTAAGTC,4.7540514832
CTTCGAAGTC,12.338584861
TCCAAAAGTC,10.4651316933
CAAAAAAGTC,11.5739481038
CAAGAGTCTC,10.3697675271
ACACGATCTC,8.7106872188
CCCAAGGCTC,3.5356633539
AATCTCCCTC,9.9910098594
CCCCCCCCTC,8.7679104134
ACATACCCTC,9.8523905537
CACACACCTC,4.0150191663
CCACAACCTC,5.9900707589
CAACAACCTC,6.576831551
GAAGCTACTC,11.5207760292
CACAATACTC,8.0946202968
GACGCGACTC,7.1786597683
AAACCGACTC,8.4922001459
GTCCAGACTC,7.1257292587
CTTCCCACTC,9.1359395
CATACAACTC,8.4613853363
GCGTAAACTC,10.4808317177
TCCTAAACTC,9.3388172362
ACTAAAACTC,10.4853613473
TTGAAAACTC,9.7296651112
ACGAACTATC,10.9490735385
CCCGGTCATC,9.4173580279
CGCACGCATC,10.3079157824
CGTATCCATC,11.9924645691
ACTAGCCATC,11.0359359752
GGCTACCATC,10.2961638878
CAGCACCATC,6.6142163161
AAAGAACATC,11.0260803203
TTCAAACATC,10.3902579221
CCCGCTAATC,11.0477760992
TATAGGAATC,12.0947972295
AAAAGGAATC,11.7630435006
ACAGCCAATC,11.7706202967
CCCACCAATC,9.0427058607
CCCAACAATC,11.2202321645
GACAACAATC,7.5226263395
GCCGGAAATC,10.2205141013
CCCAGAAATC,10.4714491853
TCACCAAATC,7.6565985404
ATAACAAATC,12.4549426687
CACTAAAATC,10.6292562533
CCTAAAAATC,10.6370234347
AAAAAAAATC,11.5496097513
GTACCCTTGC,2.0403358362
CCAAATCTGC,2.296158121
CGTCGCCTGC,4.0239275089
ACACAACTGC,3.4116076527
GAACCTTGGC,4.6171251182
CCCAACTGGC,5.6553510147
ATCCCCGGGC,5.2338578513
ACGCAAGGGC,4.5254354048
CAGGACCGGC,7.5571502637
CAAAACCGGC,9.2181497002
CCACCACGGC,4.480575761
CCACAACGGC,5.672348817
AAGTCGAGGC,8.4859612002
ACCCCGAGGC,8.047828216
CCGAAGAGGC,3.9101989217
AACTCCAGGC,10.2505904936
GCGGCCAGGC,8.794035524
CCCGCCAGGC,5.5705043356
ACAGCCAGGC,8.4049482714
CCAGACAGGC,4.3836585618
ACCATAAGGC,7.5880007235
ATATCGTCGC,5.954827294
ACAAACTCGC,7.8941333639
AACCGATCGC,5.9552250639
TTACTCGCGC,7.3179982887
CCCGCCGCGC,7.1392982111
AATAAAGCGC,7.4553954086
CCTGCTCCGC,6.9805750106
CAGGATCCGC,6.7747275658
AAAGAGCCGC,7.9007062304
CACCTCCCGC,3.1805219082
ACCCCCCCGC,8.1653062208
CCCACCCCGC,6.1955238299
TACCACCCGC,4.7636050349
ATCAACCCGC,7.8829908425
AAAAACCCGC,8.3960169366
TCACTACCGC,5.4476591932
CTATCACCGC,2.4549131496
CAAAATACGC,8.8091815311
CCCACCACGC,5.427344454
AACACCACGC,4.8554519652
AAGCTAACGC,7.1976439603
ACCCCAACGC,5.2887672224
GTAAAAACGC,7.3313939078
AAAAAAACGC,7.5201710795
ATCCAGTAGC,9.8754641751
ATTTCCTAGC,10.8138843131
AAAAACTAGC,10.9501189926
TCAACATAGC,9.857039902
CGACCCGAGC,9.2663455709
AAAACCGAGC,10.9577581613
TATGGTCAGC,7.7738507804
ATCGCTCAGC,10.1433626967
ACGGATCAGC,8.5320356787
CTAAAGCAGC,10.0985466284
TCCGGCCAGC,8.1026526839
CTATCCCAGC,11.0081602255
CACCCCCAGC,7.8018661229
CCAACCCAGC,8.8171218777
GCCTACCAGC,9.5989925618
ACTGGACAGC,5.6104253616
AACAGACAGC,7.116801281
ACAAGACAGC,7.7390283567
AGCACACAGC,10.4902240726
GACACACAGC,6.4575096311
AACGTTAAGC,12.1184542164
AAGGGGAAGC,5.9994212567
CGACCGAAGC,8.109349747
TATACGAAGC,12.4354911115
CAAGAGAAGC,11.4223834824
AATCAGAAGC,11.2053945568
CCAGCCAAGC,10.9136936044
ACACCCAAGC,3.2104736715
ACAACCAAGC,10.6712918266
ATGAACAAGC,6.4903177029
TCGAACAAGC,10.891667499
AGAAACAAGC,10.9414775159
AGTCCAAAGC,11.1946715275
CATACAAAGC,11.6820303058
CCGACAAAGC,9.156953446
CAGGCGTTCC,4.2918186204
GAACCCTTCC,7.1231910823
CGGAAATTCC,6.1599381885
CCCAAATTCC,6.5919180549
AACTAGGTCC,7.2275668028
GCCTGCGTCC,7.2969927284
CAGCGCGTCC,8.8398388573
CACAGCGTCC,7.6789254234
AATTTAGTCC,7.0211985095
ACACAAGTCC,8.1532818975
GCTCCGCTCC,8.4515551756
AACGTCCTCC,10.1123948105
CAAGCCCTCC,11.5484650349
AAAACCCTCC,10.0543530452
TACAACCTCC,7.3636249871
CCAAACCTCC,6.3741687824
CAAACACTCC,8.4730513364
AACTAACTCC,9.5217269491
CACGAACTCC,8.9176863723
TACGGTATCC,8.6684886787
ACCAGTATCC,9.4289379016
ACCACGATCC,8.2631354953
GCCCTCATCC,6.3655108096
AAAGCCATCC,9.2219974405
AAGCCCATCC,8.8420911949
AGAACCATCC,7.8212083582
CCCAACATCC,5.2613800667
GTCCGAATCC,8.8700157049
ATCGCAATCC,8.651560736
ACCCCAATCC,9.1799861698
AAAAAAATCC,10.0897462204
CGGGCCTGCC,7.7296538056
AAACCCTGCC,10.7047268617
CATACCTGCC,10.2389294524
ATATACTGCC,11.571701378
GCACACTGCC,8.9235826886
TCCCTATGCC,3.9913429063
CGAACTGGCC,10.9567410702
CAAACGGGCC,7.3000107047
CACTGCGGCC,8.3628323204
GAATACGGCC,10.0281856756
AAAGACGGCC,8.0068294493
ACACACGGCC,9.9893320095
ACCACAGGCC,7.9989296904
TTCATTCGCC,5.5834603906
CCACCGCGCC,6.7071247783
AGCACGCGCC,9.5501353251
TTAGAGCGCC,8.7583561854
AAATTCCGCC,9.866538947
TCAGTCCGCC,11.1651683152
CAGACCCGCC,8.729762782
AAAACCCGCC,11.245564959
TCTGACCGCC,8.5530803548
CAACACCGCC,4.2522434643
ATAAGACGCC,9.1941520601
AACGAACGCC,9.7555330548
CCCAAACGCC,8.6489960023
AGAAAACGCC,9.3116913728
CAAAAACGCC,9.9923023175
AACAGTAGCC,10.6875927695
GTACGGAGCC,11.4384343369
CTACGGAGCC,10.0897405701
AATAGGAGCC,10.3873522103
CCCCCGAGCC,9.0548508039
TCCCTCAGCC,10.2223505064
TCAACCAGCC,9.6853604625
CAAACCAGCC,10.7749806769
CGAAACAGCC,11.0572215051
CCAATAAGCC,9.2857690245
AAAGGAAGCC,10.8091734795
ATGTCAAGCC,4.0022748879
AGCTAAAGCC,10.6165064358
AGGGAAAGCC,8.3434955166
CATCAAAGCC,9.4598293818
GTCCAAAGCC,11.3269491448
CCCAAAAGCC,10.2976632533
GTAAAAAGCC,11.6837173877
CAAAGGTCCC,10.6043452617
GAAAAGTCCC,9.7961499897
CACCGCTCCC,6.1116415346
AAACGCTCCC,10.3902247204
ACCCACTCCC,10.2438196077
ATCCTATCCC,10.1463529918
CACGGATCCC,7.2373350156
GCTGAATCCC,11.0131532461
GTACAATCCC,7.916335017
TCCAAATCCC,9.3577851232
CGTCCTGCCC,8.8873529503
ACGCGGGCCC,5.9973503301
AACTTCGCCC,6.1493506776
CATCTCGCCC,9.5827212274
ACAATCGCCC,7.6787306965
CGAAGCGCCC,9.7799641997
CCCGTAGCCC,7.3411857619
CAACTAGCCC,7.4673185383
GAACCAGCCC,6.8942957366
AACTAAGCCC,10.1172105379
CCCGAAGCCC,7.3596889063
AAAAGTCCCC,11.0843265667
TTCGCTCCCC,9.9196424664
CCAACTCCCC,7.5388497614
GGGTATCCCC,5.8743205219
CAACATCCCC,6.8711998062
TACGGGCCCC,6.5379705815
TATCGGCCCC,10.3242524584
CAAAGGCCCC,10.6758295907
AAAAGGCCCC,9.2856614628
CCTGCGCCCC,8.7836149006
ACCCAGCCCC,9.318202109
CCACAGCCCC,6.7630150154
CCAAAGCCCC,7.9851403308
ATTGTCCCCC,10.9480275763
ACCTGCCCCC,10.3654100228
AACGGCCCCC,8.5399262076
CACAGCCCCC,8.3992768262
CAAGCCCCCC,11.7225987027
CAACCCCCCC,6.8355658214
AAACCCCCCC,9.154536462
AGCACCCCCC,8.8924517402
AAAACCCCCC,10.3935087113
AAACACCCCC,6.9512811325
TCCAACCCCC,9.2616509893
CACAACCCCC,7.3200219016
CCAAACCCCC,7.5008211117
AAATTACCCC,10.1613369774
CGACGACCCC,5.2506816001
TACAGACCCC,8.5275229042
CACAGACCCC,5.8931151753
ACAAGACCCC,3.1553395832
CAGGCACCCC,4.7468701289
GACGCACCCC,2.0732528893
TATCCACCCC,7.8504290007
AACCCACCCC,8.4557034562
AGACCACCCC,5.0684587379
CCACCACCCC,3.8555575518
AACACACCCC,5.7478097563
CTAACACCCC,6.1652435649
ATATAACCCC,9.2459469455
TACCAACCCC,6.8286810889
CATAAACCCC,8.7792557003
CCGAAACCCC,5.7716902087
GAAAAACCCC,9.7739182268
AACAGTACCC,9.5331303709
AAAAGTACCC,11.127058967
AAATATACCC,10.321218484
CGACATACCC,4.2507424209
CAAGGGACCC,4.3343994724
CATGCGACCC,7.6777530654
CCACCGACCC,3.7096944688
TCCACGACCC,8.6257717925
CAAAAGACCC,7.5631017486
TCCATCACCC,6.2243605643
ACACGCACCC,7.7749693941
CACAGCACCC,5.7021908205
TCAACCACCC,7.1265265217
AAAACCACCC,9.5548644783
CCTTACACCC,5.104855007
CTCAACACCC,5.5655463793
CCCCTAACCC,8.3048227375
CTCAGAACCC,10.3716866624
ACAAGAACCC,11.3415092522
TCCCCAACCC,7.6236550333
CACCCAACCC,4.4518351448
ACAACAACCC,7.0507811281
AAAACAACCC,6.9862086174
CCTCAAACCC,7.7656776307
GTCCAAACCC,10.0826677633
CAACAAACCC,7.9543878502
CGGAAAACCC,9.5836344563
AACAAAACCC,10.025573945
AACTGCTACC,11.4760725467
AGCGGCTACC,9.7756748402
CACAACTACC,8.900688698
GCCGTATACC,10.5804679754
GTTAGATACC,10.5710043538
CACGAATACC,9.919177392
AAGCAATACC,7.94823768
ACACAATACC,8.9516425036
TAACAATACC,8.4823256984
AACAAATACC,10.5145488939
CCCATTGACC,8.5159752159
AAGACTGACC,8.5695716933
CATTATGACC,9.4875445808
CTCACGGACC,8.5685376595
GACAAGGACC,7.1955186985
ACACTCGACC,9.6227642267
AGATCCGACC,10.3940359012
ACATCCGACC,10.0941252411
CAGACCGACC,9.3768249816
ACCCGAGACC,8.3224603781
CAACGAGACC,9.385729787
ATTCCAGACC,9.1476601183
CCCAAAGACC,7.8066102043
AAAAGTCACC,9.5132605181
ACTGATCACC,9.0390636167
TCCCATCACC,6.9213450336
TCAAATCACC,8.6632213473
CAGCTGCACC,8.3942687213
CTCGCGCACC,8.8131154851
AAAGCGCACC,8.2496108784
CGTCCGCACC,7.9167559049
ATCCCGCACC,8.9365716417
CAACCGCACC,7.58184234
GAAACGCACC,8.5995008345
CCAGAGCACC,7.1303308122
AACGTCCACC,9.6624819817
CCAATCCACC,8.0318453064
ACAATCCACC,10.0310114708
CTTAGCCACC,9.2118520342
ACCAGCCACC,9.5872681083
GCCGCCCACC,9.0060152681
ACCGCCCACC,9.2240119424
CAAGCCCACC,10.6213944037
CCTCACCACC,6.097086136
GGGCACCACC,2.0443558973
ACTAACCACC,7.973677669
AGCAACCACC,8.4588304356
TAACTACACC,7.8810909643
CGTTCACACC,7.533558892
CCTCCACACC,7.1534044981
GGCCCACACC,5.583810192
CACCCACACC,5.2793236974
ATACCACACC,7.8710799483
CAAACACACC,8.0581362775
CACCAACACC,5.0164846799
TCACAACACC,5.6734532779
CGCAAACACC,8.394080569
CATATTAACC,11.1596658683
TAGCGTAACC,11.6349137772
CCGGCTAACC,9.0905384761
TCGCCTAACC,9.536963673
AGCACTAACC,11.9366835425
CACACTAACC,10.010716284
AAACGCAACC,11.2021107834
CGGCCCAACC,8.8633731765
CTGACCAACC,9.7390617345
CCCACCAACC,8.2988793072
CCAACCAACC,8.7115752296
ACGGACAACC,5.6757444001
TAGGACAACC,5.8937537096
TACCACAACC,7.5442898818
CGAGTAAACC,11.5615795512
GCGCTAAACC,11.2367333361
GCACTAAACC,10.1258989353
TCGATAAACC,9.860591856
CAAATAAACC,11.3476316766
GCTCGAAACC,11.2223300254
GCCCGAAACC,10.935132371
GACCGAAACC,9.8209727838
CGGGCAAACC,5.6062773821
CCGGCAAACC,7.2518017867
CCTCCAAACC,10.0233202519
CAGCCAAACC,9.4629789327
GCACCAAACC,8.0101138262
GACACAAACC,8.027851546
CACACAAACC,9.5676792683
CGGGAAAACC,7.5752588571
CCCGAAAACC,10.5857136486
AGTCAAAACC,10.952579847
GATAAAAACC,11.4982554545
TTAAAAAACC,11.1329026407
AGAAAAAACC,10.9115218733
ACCCCATTAC,4.1241077607
CCGCAATTAC,3.0462706146
AACAAATTAC,7.3512205748
GCAAAATTAC,3.5643682723
ACAAAATTAC,5.0125897954
AGGAGTGTAC,4.0128865826
CGAGCGGTAC,3.9655784946
ACCCCCGTAC,6.2733528736
TAACCCGTAC,4.9238653357
AAAAGAGTAC,6.1397084111
TAAAATCTAC,8.5035612687
CCGAAGCTAC,5.1989723215
ATCTCACTAC,6.1316855177
AACGCACTAC,8.16702748
AACACACTAC,6.010558838
ATCCCTATAC,8.7860781039
CCAACGATAC,4.309154525
AAACAGATAC,7.0837248629
ACAAGCATAC,10.1064994719
CATCCCATAC,5.059849241
AACACCATAC,4.3173286169
ATCCACATAC,2.7303863515
ACCCACATAC,7.9783004047
CAACACATAC,3.5331272562
CCGGAAATAC,2.8006164167
GGCCCGTGAC,6.8113237242
AGCCAGTGAC,7.1429644119
GAACGCTGAC,11.0678247166
ACCAGCTGAC,9.645767883
AATCCATGAC,2.1197021723
CATAAATGAC,2.0927214414
ACGCGTGGAC,7.1132267238
ACCAGTGGAC,4.3547602744
CCACCCGGAC,2.8511483208
ATCAACGGAC,7.9164341739
CATACAGGAC,7.2652012512
CGTAAAGGAC,6.8190938707
ACAAAAGGAC,7.462268126
AAGCGTCGAC,9.7027614886
CATCATCGAC,8.4209640807
AAGAAGCGAC,8.6703632771
TAAGGCCGAC,7.8355367474
AAAGCCCGAC,11.6386381538
CCTCCCCGAC,8.8571331221
GACCCCCGAC,9.7631887566
ACAAACCGAC,11.0484402823
CAAAACCGAC,10.8950632677
CCAGTACGAC,8.4409039504
ATCCGACGAC,8.2033058506
ACACGACGAC,4.7979184604
TATACACGAC,10.6272265035
CAGAAACGAC,10.4096723382
GGAAAACGAC,9.9853532203
GCAATGAGAC,3.240697691
AATACGAGAC,8.9592767196
GGAAAGAGAC,10.3653210321
AGAATCAGAC,11.182803281
GCATCCAGAC,10.4575017604
CCATCCAGAC,8.7686255108
ATAGCCAGAC,10.8949045358
CAAGCCAGAC,10.8302670252
CCTCCCAGAC,9.1243286672
GAAACCAGAC,10.9306649669
AGATTAAGAC,10.2925108444
AGTCTAAGAC,9.4013186751
ATTCCAAGAC,10.6086181789
TCAACAAGAC,10.1576747149
CATGCGTCAC,7.5981271276
TACGTCTCAC,8.0253134124
CAAATCTCAC,8.5758365062
GACCGCTCAC,5.9712152525
CTCAGCTCAC,9.9118793956
CCTATATCAC,5.7111386476
CAAGAATCAC,6.2353148586
ACACAATCAC,6.0303163546
CGGCGTGCAC,4.0812192336
CAAAAGGCAC,5.0490499112
ACATCCGCAC,8.6385845829
AACGCCGCAC,8.9621792869
TTAGCCGCAC,8.3862694832
CTACGAGCAC,7.2019644204
ACCGCAGCAC,5.5655248954
GAAACAGCAC,2.9021611707
CCCGGTCCAC,7.7235818512
ATCCGTCCAC,9.0919053619
CTACGTCCAC,10.4263320015
GAAGATCCAC,9.2947024406
GGTCATCCAC,6.6283535598
TCCAATCCAC,10.2734406955
ATACGGCCAC,8.1874818118
GAATCGCCAC,7.1591115158
CTCATCCCAC,9.5839505221
CAAATCCCAC,10.3178504727
GAATGCCCAC,2.0503369675
TCCAGCCCAC,10.1770629275
CCCAGCCCAC,8.9218594055
ACAAGCCCAC,11.1752657228
GATCCCCCAC,8.5100398756
CCGCCCCCAC,6.6933725297
ATCCCCCCAC,10.1343198002
AAACCCCCAC,9.4916582921
AAAGACCCAC,8.0498924238
TAGCACCCAC,5.8647230315
CACAACCCAC,6.6149507034
CCAAACCCAC,6.2586149957
AATATACCAC,8.9346712137
CAAATACCAC,9.3648328455
AGCAGACCAC,7.7662470277
AGAAGACCAC,8.0574336148
CCTACACCAC,3.3447569073
AGAACACCAC,5.0367065043
ACTCAACCAC,6.9673379882
CCCCAACCAC,6.7204968417
AACCAACCAC,7.1517143521
ACGAAACCAC,7.6864926569
TCCAAACCAC,6.6537364599
GCAAAACCAC,7.6630525478
CTGTTTACAC,8.3839581552
TACTTTACAC,8.9732719688
GCATTTACAC,8.1580892164
ACGGGTACAC,10.1645692005
AGACCTACAC,2.1349452702
CTATATACAC,9.0338900835
CCACATACAC,5.2439752021
AACAATACAC,9.6075879936
CGAAATACAC,9.9508760556
TAGGTGACAC,2.5000155736
ACCCTGACAC,6.1538933181
AAAGCGACAC,5.1135540772
GTCCCGACAC,5.8890307346
CACACGACAC,3.0854057309
AAAAAGACAC,5.6280453686
CCGGTCACAC,4.7053458842
CCCAGCACAC,6.8541647585
CATTCCACAC,7.4376702952
ATATCCACAC,3.8176869562
ACCGCCACAC,7.7917569317
AACCCCACAC,8.5988463405
CTACCCACAC,8.4055164535
ACGACCACAC,6.1354293305
GAAACCACAC,10.0723488876
CACGACACAC,3.9699130483
CGGAACACAC,3.7887625859
ACAGGAACAC,7.0539231453
TAGAGAACAC,6.5797981002
AAGAGAACAC,5.9949209007
CCCAGAACAC,6.7921328285
GGAAGAACAC,4.8411322704
CAAAGAACAC,8.3296682708
AACCCAACAC,3.6711876076
CCAGAAACAC,3.3387860228
TCACAAACAC,5.6439438386
AGAAAAACAC,3.6437390867
CAAACTTAAC,12.1853103592
GGACGGTAAC,6.9805184238
ACCAGGTAAC,9.4165597225
CGCCCGTAAC,9.8804512618
CCCAAGTAAC,11.5007731055
CTGCAATAAC,11.0654468135
CCACAATAAC,9.4214512086
AAGCCGGAAC,8.5932210609
ACGCTCGAAC,12.0199222555
CACCTCGAAC,7.9643535161
CCCATCGAAC,8.603337473
CGAATCGAAC,12.8232262029
AAAATCGAAC,9.6452881916
CCATGCGAAC,2.6063690524
CACGGCGAAC,8.9929258169
AAAAGCGAAC,11.671258067
CCATCCGAAC,9.6915052944
CCACCCGAAC,9.4835018985
TCCACCGAAC,10.0383833534
CGCTACGAAC,11.2684133227
CCCAACGAAC,9.991157626
CACAACGAAC,10.5196046033
ACAAACGAAC,13.0584805596
GGAGTAGAAC,8.6617108323
GCCGGAGAAC,7.3172516322
AAAGGAGAAC,7.9375465771
GACTAAGAAC,10.72251633
AAGGAAGAAC,8.5961647202
ATAGGTCAAC,7.9631530568
TCAGGTCAAC,8.6843731145
TCTCCTCAAC,10.3841563931
TCGCCTCAAC,8.6826019542
AAAAAGCAAC,10.0117088896
CAGATCCAAC,11.1437487766
AACATCCAAC,11.1634061909
CCGGGCCAAC,4.6358413775
CCAGGCCAAC,5.9104915605
ACAGCCCAAC,11.6261699363
ATCCCCCAAC,11.9723003631
CCCCCCCAAC,9.7111895026
GTGACCCAAC,9.4502411309
CATTACCAAC,11.9071484254
GACGACCAAC,8.6752226234
CTAAACCAAC,10.3701989161
AAAAACCAAC,11.3394161272
GCTAGACAAC,7.1718886159
ATCCCACAAC,9.5346388576
TTACCACAAC,9.3604515597
CCTGAACAAC,7.3662215478
AAAGAACAAC,9.6211502308
GCGCAACAAC,8.8020592804
GAACAACAAC,10.5654804483
CACAAACAAC,9.9350577473
ACCCGTAAAC,11.3780402231
AAAACTAAAC,12.8812957668
CGGGATAAAC,6.718776686
CACGATAAAC,11.0334851278
CGCAATAAAC,12.3717615103
CTAAGGAAAC,9.9220768267
CCATCGAAAC,9.1015233472
CCTCCGAAAC,10.6573589566
GATCCGAAAC,11.2252195479
ACAACGAAAC,12.2237178247
AGGGAGAAAC,7.609391423
AGCGAGAAAC,11.5993172603
CACCAGAAAC,6.6723019188
CGCAAGAAAC,11.7740758078
AGAAAGAAAC,11.7442967527
TCATTCAAAC,12.2333634686
AGTCGCAAAC,12.4089095964
AAACGCAAAC,12.6319573383
CCCTCCAAAC,11.4894192027
TAAGCCAAAC,11.71449003
CACCCCAAAC,9.3212364926
AAGACCAAAC,9.8994896172
AAAACCAAAC,11.1815074826
ACCTACAAAC,10.4180860373
GCACACAAAC,11.4969525752
GCTAACAAAC,12.9801965321
TCAAACAAAC,12.0376433757
CAAAACAAAC,12.1633073615
GAAGTAAAAC,13.2867054342
TATATAAAAC,11.9675997885
TGCGGAAAAC,2.1656847517
GAAAGAAAAC,12.6563520534
AAAAGAAAAC,12.1067776797
AACGCAAAAC,12.7303526662
TCAGCAAAAC,11.9885239352
AAGCCAAAAC,10.9248819812
AACCCAAAAC,10.9553413831
AAACCAAAAC,10.7699993731
CCCTAAAAAC,11.0500154926
TCATAAAAAC,11.5047696185
AAGGAAAAAC,10.0860956937
GCCCAAAAAC,11.4916144585
CTACAAAAAC,11.6258300358
ACGAAAAAAC,11.7973245719
ATAAAAAAAC,10.9698423677
ACTAAATTTA,9.5645571772
CTAACGGTTA,6.4434098151
ACCGCTCTTA,10.006030522
TCCAACCTTA,4.4520332077
AGAAAACTTA,10.0026449282
CACTTCATTA,6.5724095416
AACCGCATTA,9.5268176947
GCCGAGTGTA,9.3240800769
CCTCTCTGTA,9.2107179148
GCCGACTGTA,9.58728967
GTCCCTGGTA,10.3765108271
GCACGGGGTA,5.6941691098
ATCAAGGGTA,7.1915692433
CCCGAGCGTA,10.9301493961
CAAGCCCGTA,11.8583637559
ACGTACCGTA,10.6590783296
GATCAACGTA,11.1156555096
GCCGCTAGTA,9.8660683432
CCAACTAGTA,9.9107391948
ACACCGAGTA,8.7588331669
GCACCCAGTA,7.3946059805
TAAACCAGTA,10.6699313443
TCAGAAAGTA,10.8969807793
CTACTCTCTA,9.6517452433
CTAATATCTA,9.7427558756
AATCCGGCTA,7.2267787039
CAAGAGGCTA,8.091894684
CAAAACGCTA,10.3541721997
AACCAAGCTA,7.3950198464
GTACAAGCTA,9.8722827005
CACAGTCCTA,10.180409296
CAAACTCCTA,10.9506689071
CAAGAGCCTA,10.9208550562
GTACAGCCTA,9.4406957484
GCCAAGCCTA,8.4041351176
CTTATCCCTA,11.2255634255
AGCCCCCCTA,9.2001189753
ACAAACCCTA,10.694035406
AAGAGACCTA,9.5203976852
AGCCCACCTA,5.4267352266
GCCCCACCTA,5.1262592066
CCGAAACCTA,8.1708740061
TACATTACTA,10.0896804599
CATCGTACTA,8.9153318152
CCACCTACTA,4.7339199202
CTGCTGACTA,8.7736433473
AAACGGACTA,8.1665788018
ATCGCGACTA,10.2421869894
CCCCGCACTA,9.4629709092
CAACGCACTA,8.9787827464
CACAGCACTA,7.7011523507
CTAGCCACTA,7.7400968217
TTGACCACTA,6.8906253095
AAAACCACTA,8.7984601648
CGCGACACTA,6.1120961852
AGAACAACTA,9.9357564918
CAAACAACTA,10.4820470188
GCCAAAACTA,7.4142564827
GGTAGTTATA,12.6106723291
AGAACATATA,12.4731575221
ACCCCGGATA,7.5818168023
CTCTCCGATA,10.8714347673
ACGCACGATA,11.4181359504
TCCCCAGATA,8.6297882021
GCGCAAGATA,11.2877269154
GTACGTCATA,11.4982756225
TCTCATCATA,10.9947006564
ATCCCGCATA,12.2372474888
GAATTCCATA,13.0039669799
CCCGTCCATA,11.2274502306
AAAATCCATA,11.3706885093
CAAAGCCATA,11.4076805792
ATACCCCATA,10.9962920824
CCAGACCATA,8.8128716126
AGAAACCATA,11.2367603679
AGCGGACATA,8.3448285474
TCCGCACATA,12.6166174513
ACCGCACATA,12.6454442575
ACCCCACATA,11.1591533235
GAACCACATA,11.7079060494
AACAAACATA,13.3520193918
CCCCTTAATA,10.5267549663
ACAAGGAATA,12.0795781307
ACCGCGAATA,10.3744127211
AACCCGAATA,10.4261371391
AAAAGCAATA,12.7625949542
ACGGCCAATA,10.3032686951
ACGCCCAATA,11.0927609163
ATACCCAATA,11.0184531172
AAACCCAATA,11.5711586944
AAACCAAATA,10.3884510311
CTCACAAATA,11.2647531193
GGCACAAATA,9.4243874695
CAGGAAAATA,12.0411057292
GAAAAAAATA,12.094046615
ACAACTCTGA,6.3687652662
GATACCCTGA,6.5444412743
AAATACTGGA,9.5236117215
CTCGAAGGGA,5.6183575936
CCCCATCGGA,8.4911465936
AAAAGGCGGA,9.8123060591
CCCCTCCGGA,9.1357898799
CCGAGCCGGA,8.6277289392
CACTCCCGGA,8.9491305591
CACACCCGGA,7.0138011945
TAATACCGGA,9.7297620936
TATAACCGGA,9.8719365952
CCACGACGGA,6.7232006707
AGAACACGGA,10.4413264765
CAGATTAGGA,8.4171042409
AAGAGTAGGA,10.6472915543
CAAAATAGGA,7.3767430122
CAGGTGAGGA,9.4909012867
GAAGGCAGGA,7.8990908514
AACAGCAGGA,11.4396626856
AACACCAGGA,5.7471773116
CGTAGAAGGA,11.0476975053
CAAAGAAGGA,10.4498139867
CCTAAAAGGA,5.5162067957
ACCCCTTCGA,8.9087959205
GACATCTCGA,2.0435460258
AGGGCCTCGA,10.1726681344
AACACCTCGA,5.2087961751
CTTTACTCGA,9.8347010031
CTCAACTCGA,7.6260725619
GACCGCGCGA,3.5793834076
CAAACCGCGA,9.2311788079
ACGGAAGCGA,9.5855481911
ATAAAAGCGA,9.8890939595
AAAAAAGCGA,11.7197855665
AACGCTCCGA,11.1733655564
CTCGTGCCGA,10.7881379712
TCACCGCCGA,3.6382520396
TCAACGCCGA,5.4348984422
GGAAAGCCGA,7.4747648087
AACAGCCCGA,9.4545208079
GTAACCCCGA,11.0343613637
GTAAACCCGA,9.1069572543
AGAAACCCGA,9.3475891776
AAAAACCCGA,7.2643956596
AACGGACCGA,7.0728336858
CCCCCACCGA,5.3839295348
AACCCACCGA,5.9112222383
CAAACACCGA,4.4055414765
AGCTAACCGA,8.2545176274
CGCCCTACGA,6.9527344458
CGTACTACGA,9.2170724749
ACAGTGACGA,8.2369417866
AAAGCGACGA,8.1743712012
CTCCCGACGA,6.1799749553
CGGTTCACGA,9.697185102
GCAAACACGA,10.0697403205
AATGGAACGA,8.1543291991
AACCGAACGA,9.0459201472
CAATCAACGA,9.198181545
CGCCCAACGA,5.6540106401
AAAACAACGA,9.383863174
TAACAAACGA,9.9133089497
CAAAAAACGA,8.6136649974
AAAGAGTAGA,11.2087732836
GTCGTCTAGA,11.8778353295
GAAGACTAGA,9.8888137775
GAGCTATAGA,12.0573425114
ACAGCATAGA,11.8325782453
CATCTTGAGA,9.5141510326
GTACTGGAGA,9.663081972
GGGTCGGAGA,7.7848709525
ATCACGGAGA,8.1889927277
GACAAGGAGA,10.5082538812
TCATGAGAGA,2.0397128115
ACAGAAGAGA,11.6841867799
GCCAAAGAGA,9.5785564069
AAGCGTCAGA,12.5588025536
ACACCGCAGA,10.3650201488
TATCAGCAGA,11.2869042901
CGAAAGCAGA,12.0827302859
CAGGGCCAGA,9.4287289185
ACATCCCAGA,10.2904738104
AAGGCCCAGA,11.3317357385
CCACCCCAGA,9.8811069037
AACACCCAGA,10.4453069624
GAAACCCAGA,11.6549621956
CGCAACCAGA,9.8118725303
ACTACACAGA,5.4372278923
GAACAACAGA,5.2515895255
CAAATTAAGA,12.7996081342
CACCGTAAGA,8.9084856035
CTTCATAAGA,10.8676319
AGACATAAGA,8.3634043881
CCAATGAAGA,5.5004888451
CCCGGGAAGA,7.5427073813
AAGTCGAAGA,12.6863442381
CGAGCGAAGA,12.82290548
GGCACGAAGA,9.7380356784
CACAAGAAGA,11.1390261605
AGAAAGAAGA,12.4504320147
AACGGCAAGA,11.3204145487
CAAGCCAAGA,11.7787728412
AAACCCAAGA,12.2860360383
CATACCAAGA,10.420095795
TCAACCAAGA,9.9425274168
AAAACCAAGA,11.7226375
AACGACAAGA,10.3634848094
CCCAACAAGA,12.0309862688
GACAACAAGA,7.6819308375
CAGGTAAAGA,12.3730956375
CCCCGAAAGA,11.146432221
AATAGAAAGA,11.9434600231
CGGAGAAAGA,11.3200030066
AAATCAAAGA,12.6327261679
GGCACAAAGA,9.5657154732
AACACAAAGA,12.303293813
CTGCAAAAGA,11.9333860552
AACCAAAAGA,10.1293401142
CTACAAAAGA,12.4961059279
CAACAAAAGA,11.4704653833
AAACAAAAGA,12.0077726839
CATAAAAAGA,11.8100935067
GGAAAAAAGA,12.7623696849
CCAGAGTTCA,4.2122059826
ACCCACTTCA,9.1543110311
AACCACTTCA,8.1914332837
AACGCATTCA,10.2759707452
ACCCCCGTCA,8.1777431016
ACGACCGTCA,3.6060159236
TAACACGTCA,7.8620795834
AGCACAGTCA,8.2015157678
TAACAAGTCA,8.7366309135
CAAAAAGTCA,7.9005470986
GCCCATCTCA,8.5799944691
GGTAAGCTCA,11.2304759526
TCCGGCCTCA,9.1791259172
CCGAGCCTCA,9.1137981557
CAGACCCTCA,8.3073162027
CCAGCACTCA,7.5846561949
GACCCACTCA,7.8573640893
ACAACACTCA,6.6733131534
TAAACACTCA,9.6493280102
AAGAAACTCA,10.1810747681
CGCAAACTCA,10.9012832414
ATAAAACTCA,10.9552905066
CACATTATCA,9.5243300074
CAAATTATCA,9.2941564653
CCACCTATCA,4.6825648981
ACTTATATCA,11.1217547612
CGCAATATCA,9.3100780031
CCCAATATCA,8.696660233
CGACTGATCA,9.3145872197
ATACCGATCA,8.7920595644
GAACCGATCA,9.0544048175
CGAACCATCA,8.1196936517
TATGCAATCA,9.948791726
AATACAATCA,11.4415260514
AGCACAATCA,10.0485047314
CTCTAAATCA,9.2888349004
AACTAAATCA,11.6789205973
CTGAAGTGCA,9.0491112777
CTAAGCTGCA,12.0236216308
ACTCACTGCA,10.2916689659
CTTACTGGCA,8.8917426309
ACATAGGGCA,5.9153691679
CAGAAGGGCA,5.6303032292
ACTCTCGGCA,9.6348525025
GTCAACGGCA,9.3299925669
CAAGGAGGCA,7.6037534823
AATCGAGGCA,5.4428681546
TAAAGAGGCA,8.2198857686
ATCAGTCGCA,12.4507440086
CTAAGTCGCA,11.5716149888
AAAGCTCGCA,11.7685536701
CAAAATCGCA,11.0577376117
CGTGGGCGCA,7.7486034762
TAACGGCGCA,9.3633741336
CGTTCGCGCA,11.2390146811
ATAGCGCGCA,11.4479359251
AAAGAGCGCA,10.3927160175
ATCAAGCGCA,12.3100732223
TATATCCGCA,11.6335607415
GAAATCCGCA,11.5522300293
AAAATCCGCA,11.0689596748
AAGCGCCGCA,9.8809082779
GACCGCCGCA,9.4414204726
AGCAGCCGCA,11.4378550681
CTCGCCCGCA,11.0466446184
AATCCCCGCA,10.9000893376
CGAACCCGCA,10.2313551224
AGAAACCGCA,11.1248617436
CCGAGACGCA,5.8447073059
AACGCACGCA,11.4226161444
GCAGCACGCA,8.6540947392
CGCACACGCA,10.6734439436
TATAAACGCA,11.3534735879
AAAGCTAGCA,11.1813898787
ATTCAGAGCA,10.8453738576
AGAAGCAGCA,12.2842616972
CCCGACAGCA,2.5947609934
AGCAACAGCA,10.7072610721
ATTTCAAGCA,11.4442998856
TCAGCAAGCA,11.8645853979
CATGAAAGCA,10.1935283288
CAACAAAGCA,10.7589562824
AGCAAAAGCA,12.0922143649
AAGCGGTCCA,7.5427002992
AAACGCTCCA,11.2082672545
ACCCCCTCCA,10.2231777836
AACCACTCCA,9.2699469352
GAACTATCCA,10.5410264186
AGTCGATCCA,10.7103170213
CAACGATCCA,10.1708300001
GGCCCATCCA,7.115317128
GCCCCATCCA,8.5781565205
AACCAATCCA,9.2467451967
CCCAAATCCA,9.2960255548
CGAAAATCCA,10.3775093516
CAAAAATCCA,9.1445264864
CCCAGTGCCA,6.0231886018
TACCCTGCCA,8.6489913268
TAACCGGCCA,6.1667387293
TCACAGGCCA,5.9122339354
CCCATCGCCA,5.663062512
ACCCCCGCCA,8.3936475502
TTACCCGCCA,6.3135353828
GCCACCGCCA,6.3732809296
ACACACGCCA,6.9435583079
CAACACGCCA,5.8426546603
CAAAACGCCA,8.2800092227
CCATTAGCCA,4.084586528
GAAAGAGCCA,8.9060474006
CAAAGAGCCA,9.5985381293
CAGCAAGCCA,8.5495251185
ACACAAGCCA,9.3075523087
CAAAGTCCCA,12.466199286
ACCCCTCCCA,10.6654518066
TCCCATCCCA,8.4074941939
GAACATCCCA,10.0320214966
ACAAATCCCA,11.6498935766
GAAAATCCCA,11.4050799228
CACTTGCCCA,9.2839158233
GACCTGCCCA,8.9805988651
CACATGCCCA,7.5226456969
TCCACGCCCA,9.8263332408
CAGGAGCCCA,9.8672518258
CCCGAGCCCA,10.1112947607
CTTCAGCCCA,9.1435347034
CAACAGCCCA,9.4529536138
AAGAAGCCCA,9.8720844557
TAAAAGCCCA,11.3729003302
CAAAAGCCCA,11.6139406563
AAAAAGCCCA,10.8398742144
CCCTGCCCCA,10.4542113914
TATGGCCCCA,8.6151258594
ATCAGCCCCA,10.7121045438
AGAAGCCCCA,11.3731174676
TCACCCCCCA,7.6135924744
AAACCCCCCA,10.7116727267
CTGACCCCCA,9.8521971941
CACACCCCCA,7.4781819623
ACAGACCCCA,10.2046320335
AGCCACCCCA,8.8382497144
CCCCACCCCA,8.2623025239
AACAACCCCA,8.4580760034
TAAAACCCCA,10.6091352311
CCAGTACCCA,9.8630550027
GCACTACCCA,10.9447614594
CAAATACCCA,10.7310994382
CCCCGACCCA,8.7828122101
AACCGACCCA,9.8430133048
GGACGACCCA,2.9194618332
CCAAGACCCA,6.8197504531
ACAGCACCCA,3.6486805859
AGCCCACCCA,9.2114203124
CATACACCCA,7.2318611097
AGCTAACCCA,9.6883762
ACATAACCCA,10.0159132727
TCCGAACCCA,10.3268459588
AACGAACCCA,10.3042267404
GTAGAACCCA,11.0108766027
TCAGAACCCA,6.6034327429
TAAGAACCCA,10.5682655864
CCCCAACCCA,8.2775195946
AATAAACCCA,10.7622309451
CACAAACCCA,9.8831842791
CGAAAACCCA,10.3445693574
CCATATACCA,7.5401822137
AACCATACCA,9.0407188383
CCAATGACCA,2.6544498162
TCAGGGACCA,4.9887495674
TAAGGGACCA,5.385678611
AACCGGACCA,7.4985824373
GCATCGACCA,7.7228509969
GGACCGACCA,5.4006250448
TATACGACCA,9.6156450739
AAGACGACCA,6.6393943839
GAGTTCACCA,7.4933039694
CACCTCACCA,3.986986467
AAGGGCACCA,5.3463872993
AAAAGCACCA,9.3460198815
AGGTCCACCA,6.1175996712
AACCCCACCA,4.6928272546
ACACCCACCA,6.6135072595
CATACCACCA,7.6264396434
CAACTAACCA,8.0524095162
CCCCGAACCA,9.4133448267
AACCGAACCA,9.8437623832
CCACGAACCA,9.0046457658
GAACGAACCA,10.8455059414
CACTCAACCA,7.3173324348
CAGCCAACCA,7.9638025625
ATCCCAACCA,8.8736420358
CCACCAACCA,5.1883632668
ATTACAACCA,8.6783443151
CATACAACCA,7.7202416712
CGCGAAACCA,9.7999454725
ACCGAAACCA,9.1670534474
CATCAAACCA,7.6768362408
CCCAAAACCA,8.8013081139
ACAAAAACCA,10.270114914
CAAAAAACCA,10.0416703722
CAAATTTACA,11.6270073842
CGCAATTACA,10.5312566553
GCCTTGTACA,8.742408281
CATTCGTACA,10.6568839712
GCAAAGTACA,11.2068004754
ACTCTCTACA,11.272604904
CAGGGCTACA,7.6966868621
CCCAGCTACA,10.4748142851
AAACTATACA,11.2434094005
CGAGCATACA,11.2033630884
CACAAATACA,11.3260102312
CCACCTGACA,4.3114835892
CCCAATGACA,7.2992957208
CAAATGGACA,3.5612405113
ACCCCGGACA,5.3410146254
AGACAGGACA,4.648031131
AGAATCGACA,9.9577361923
GTTCCCGACA,9.6696391198
CGATACGACA,10.0526924348
GGCGACGACA,6.9756589165
CCCGACGACA,5.6727207824
CAGCACGACA,8.8933424282
CCCCACGACA,7.4403104992
GTAACAGACA,9.2874517052
ATAGAAGACA,8.8263870401
CCTCAAGACA,4.7887660094
TATAAAGACA,8.5720840594
CGATCTCACA,11.3821952477
TCCGGGCACA,7.0016829973
CTACGGCACA,9.0896135682
TCACGGCACA,8.7801573994
AGAAGGCACA,9.0330660048
GTATCGCACA,12.1738637152
GGGAAGCACA,7.334649981
CAGGTCCACA,10.6818254465
CAAGTCCACA,11.440182016
ACAATCCACA,11.6870057852
CCATGCCACA,2.0617854498
TAACGCCACA,10.1961145284
CACAGCCACA,10.4364095443
CCTTCCCACA,9.1016487746
CCATCCCACA,9.7084916013
AGCCCCCACA,10.8661672509
ATACCCCACA,10.2358065764
CCACCCCACA,9.5074902065
GAACCCCACA,11.3266990192
GGCACCCACA,8.2898982751
ACAGACCACA,10.8821230539
ACCCACCACA,9.7730313982
AAACACCACA,8.8732748588
ACATTACACA,11.7782991113
CCACTACACA,9.1899381441
CCCGGACACA,5.8810657625
GTACGACACA,8.6843719436
ATCACACACA,9.6253161163
ACATAACACA,10.7090465042
ATAGAACACA,9.910355885
AAAGAACACA,10.1850397405
GAACAACACA,8.9424264542
CAACAACACA,9.1089842677
CCGAAACACA,8.3487735192
ATAAAACACA,10.3644281561
ATATTTAACA,11.8976591949
AAGATTAACA,11.6308687673
ACCCCTAACA,10.8680764809
ACACTGAACA,11.0507746877
CCGAGGAACA,7.0468263305
CCGGCGAACA,8.0851619945
AACCCGAACA,10.2807040499
CCAACGAACA,9.3588152571
ACCAAGAACA,9.7800171161
TGAAAGAACA,2.2593598359
AACGTCAACA,9.1061676617
GGCAGCAACA,8.3594738792
CAAAGCAACA,13.5836257942
ACGGCCAACA,8.9654857538
CAGGCCAACA,9.3650871748
GATCCCAACA,12.4118892908
AACACCAACA,9.6006570116
ACAACCAACA,10.7263095529
GCCGACAACA,8.550193315
AGCCACAACA,9.890797261
CCACACAACA,9.7182448971
AATAACAACA,11.0323633994
CTCAACAACA,11.165340152
CCCAACAACA,10.3503680616
ACCAACAACA,10.4857487341
TACAACAACA,10.7469360531
CCAAACAACA,8.5431412956
GAAAACAACA,11.4395820523
ACGATAAACA,11.2846404529
CCAATAAACA,7.7586700327
AAAATAAACA,9.9230877382
CCGGGAAACA,6.9414156242
CGTAGAAACA,11.9278024539
AATAGAAACA,11.4216691003
AGGCCAAACA,9.6201473164
CCCCCAAACA,10.109141082
TAACCAAACA,10.1329294983
CAACCAAACA,8.8378484491
AAGACAAACA,10.6260636853
ATAACAAACA,10.9074117919
CGGTAAAACA,11.0023101847
GAATAAAACA,9.9183199296
ATTCAAAACA,10.9841681417
AATCAAAACA,10.5841933228
AACCAAAACA,9.8576416098
GAACAAAACA,12.0406776668
TACAAAAACA,10.7916831609
CACCCTTTAA,3.379137447
AACACATTAA,9.7303940322
TCCTAGGTAA,9.3220686901
GCCTAGGTAA,7.5899542672
ACGGAGGTAA,7.4996634541
CAACGCGTAA,9.0423555097
ACACGAGTAA,9.0354022153
AAAGAAGTAA,10.3212898009
GCCCAAGTAA,8.8399164259
CTGGGTCTAA,6.7954819094
CTACGTCTAA,10.4307098282
GAAGCTCTAA,11.448248353
CTCAATCTAA,9.9005263382
CCCATGCTAA,7.3937479732
AAAAAGCTAA,11.7400712615
TCCGGCCTAA,8.8358820314
CAGCCCCTAA,7.6935616066
AATAACCTAA,10.5058765465
ACCCGACTAA,9.0364292805
CTATCACTAA,8.9729161696
CAACCACTAA,5.9572481983
GTACAACTAA,8.4789693685
CAATCTATAA,10.8570972312
ATAACTATAA,12.5347051584
CGGCTCATAA,10.0761679501
AAACGCATAA,11.2343007209
AACTACATAA,9.4430816206
CGGCACATAA,5.9379061556
ACAGTAATAA,11.8074286865
AACTGAATAA,11.0202497497
CTCCGAATAA,9.5945528629
CGACGAATAA,9.7197263874
CAGACAATAA,4.3142394426
TCCACAATAA,9.908861998
CCTGAAATAA,8.1236600989
CCCGAAATAA,8.6434725746
ACACAAATAA,10.2234323492
GGTAAAATAA,10.0440040481
AATAAAATAA,11.6380168683
ACAAAAATAA,11.2612002713
GCAAGCTGAA,4.6705798604
AATACCTGAA,11.7845369648
CCCAACTGAA,10.7103171395
GCTGGATGAA,7.1080067142
ATACCTGGAA,9.3809822459
AAATATGGAA,10.1838737196
AAAACGGGAA,7.3866172983
CGTAAGGGAA,7.9387800963
TCAAAGGGAA,6.3545219964
AAAAAGGGAA,7.3084087116
ACAGCCGGAA,11.0258102647
CCGACCGGAA,9.1487017379
GCCACCGGAA,8.9848160927
CCAACCGGAA,9.1581631025
CATCACGGAA,9.1280996105
AAACACGGAA,10.6570982609
CCCAACGGAA,4.7381030598
AACAACGGAA,9.6044922791
CCCCTAGGAA,10.340608856
CCCATAGGAA,2.8320282794
GCCTCAGGAA,11.743264004
TAACAAGGAA,11.9998978297
AAAAAAGGAA,10.0794082153
CTAATTCGAA,12.2094003472
CGAATTCGAA,12.0830605451
CCCCGTCGAA,10.8268733623
CAAGATCGAA,13.9149121417
CCCAATCGAA,11.0388467263
CGTACGCGAA,12.1864779218
AGGACGCGAA,9.4402741068
CAGCTCCGAA,11.2799610052
ACCATCCGAA,10.2565057784
CTAATCCGAA,12.1233730875
AAAAGCCGAA,11.8137045396
CTAGCCCGAA,12.7546239123
GAACCCCGAA,12.7515361938
ACCACCCGAA,10.9986635472
AAAACCCGAA,11.9931450751
GCGCACCGAA,9.2144846703
CGAAACCGAA,10.2520424215
CCAAACCGAA,9.4419736129
CAAATACGAA,12.3929236325
AAATAACGAA,13.1219520714
TCAGAACGAA,12.4202377816
GAAGAACGAA,12.9797483418
CGAAGTAGAA,13.1458411286
AAATCTAGAA,12.5090243781
AATGATAGAA,11.4604038658
ACCCCGAGAA,12.6465278207
CAACCGAGAA,9.9851741949
AATACGAGAA,11.8420657569
CCAACGAGAA,11.3024994
AACCAGAGAA,11.2196005212
CAGATCAGAA,12.2949988988
AGCCGCAGAA,11.3879782915
TAACGCAGAA,13.1974723856
AAGAGCAGAA,12.2986181305
CAGTCCAGAA,12.0342373814
AACGCCAGAA,10.3853286414
CAGCACAGAA,9.9641449404
GTCCACAGAA,10.3303222981
GTACACAGAA,12.0389182801
ACACACAGAA,11.2552624973
CCCAACAGAA,10.5491034798
AAGGTAAGAA,12.1153151038
CTAATAAGAA,11.5924639159
CAAATAAGAA,12.5789589113
CCAGGAAGAA,9.362539997
AAAAGAAGAA,12.9336021425
GACTCAAGAA,11.748794534
CAAGCAAGAA,13.153228388
TCTCCAAGAA,11.3129746744
GCTACAAGAA,12.4442484487
CAGACAAGAA,11.0572400128
GGCACAAGAA,10.2850113692
CCCACAAGAA,11.5162743346
CCAACAAGAA,10.5844599304
ACAACAAGAA,12.4143343554
TATTAAAGAA,11.713306011
ACGGAAAGAA,10.7307312594
AAGGAAAGAA,11.5828540463
AGCCAAAGAA,11.1090830585
CCTCGTTCAA,11.1004318392
CTATTGTCAA,11.6449900665
CCCCTGTCAA,10.551250076
CCGAGGTCAA,8.7658726813
CAACAGTCAA,9.7355999671
CTAAGCTCAA,12.74987662
GTGGCCTCAA,8.2059480062
CCCCACTCAA,10.1035916563
ACCCACTCAA,10.4286268745
ACACACTCAA,9.6997410469
AAGCTATCAA,11.2376307568
ACCGGATCAA,9.3191050922
TCGCGATCAA,11.2266193899
AAGGCATCAA,7.2954622407
ATCTAATCAA,9.3721563588
AGGCAATCAA,7.4095286843
GCAAAATCAA,11.3503123664
AAATATGCAA,10.9629343462
ATCCATGCAA,11.0717907805
CTCGAGGCAA,8.2171925943
CCCCAGGCAA,6.0409858535
TCAAAGGCAA,8.3460813287
AGAAGCGCAA,12.1866913195
CAACCCGCAA,9.1055240686
ACACACGCAA,9.9062982588
CATAACGCAA,11.0023884218
AACAACGCAA,10.4107437411
AAAAACGCAA,11.5662292415
TCACGAGCAA,11.6114439315
AAACGAGCAA,12.1384963174
AAAAGAGCAA,11.8806983715
AAAACAGCAA,10.2674239266
CTGTAAGCAA,11.137656127
CACTAAGCAA,8.4989085181
AAAGGTCCAA,10.7070530728
CCCAGTCCAA,10.0625385974
CAAAGTCCAA,12.3770081774
AACCCTCCAA,10.1761866217
ATTACTCCAA,12.2174371874
CCCCATCCAA,9.361544956
CACCGGCCAA,5.3931416629
AGCAGGCCAA,10.8215358989
AACAGGCCAA,10.7958730757
ATGGCGCCAA,2.0576143322
GAAACGCCAA,8.5518633763
CAGCAGCCAA,9.0182801592
CCATTCCCAA,9.774831606
CAGGGCCCAA,9.2411206488
CGCGGCCCAA,10.622886796
CGGCGCCCAA,4.9585854489
TCGCGCCCAA,11.1516160901
AGCAGCCCAA,8.9552176736
ATAAGCCCAA,12.0120959292
AAAAGCCCAA,12.3544422251
AACTCCCCAA,12.4937527787
GTCGCCCCAA,11.7292151996
CCAGCCCCAA,10.91206595
AACCCCCCAA,11.0351269697
AGACCCCCAA,8.8565497692
AAGACCCCAA,10.6023404993
TCAGACCCAA,9.5539911464
GCAGACCCAA,11.1348839615
ATTCACCCAA,8.425120403
ACCCACCCAA,9.79300554
ATCAACCCAA,9.7621693377
AGAAACCCAA,11.6057599476
GAAAACCCAA,11.6085450998
CAAAACCCAA,10.8950698751
CCGATACCAA,9.6135052901
AAGATACCAA,10.4210879116
CAAATACCAA,10.9042699341
ACCCGACCAA,9.4342446995
GACCGACCAA,8.7365621535
CTGGCACCAA,9.3805295444
GCCCAACCAA,8.2068431323
AACCAACCAA,8.2583512868
GAACAACCAA,8.5048948569
AAACAACCAA,9.086828539
CGGAAACCAA,9.8736610736
ACCAAACCAA,9.3809563818
GGAAAACCAA,9.227112277
ACCATTACAA,10.8315555445
GAATCTACAA,12.2066605966
ATTTATACAA,2.0472765525
TAAGATACAA,10.7899655836
AGGAATACAA,10.1130388499
TCGATGACAA,6.6714869965
AAACCGACAA,10.0840285447
ACCACGACAA,9.1443043991
CATGAGACAA,9.3127393868
ACAAAGACAA,9.3185792978
CTCATCACAA,10.6967764518
CCATGCACAA,2.0649403236
ACCCGCACAA,12.2527502334
TTCGCCACAA,9.7581685092
ATAGCCACAA,11.8626205955
GAAGCCACAA,11.1348239731
GTCCCCACAA,11.3136710805
GTAACCACAA,11.2115321964
GAAACCACAA,11.3874682211
CAAACCACAA,11.1310841054
AGGTACACAA,10.4322463712
CGCGACACAA,8.5750068016
GCAAACACAA,10.4049544334
CAATTAACAA,10.151029196
ACTCTAACAA,12.4719032329
ACTATAACAA,12.6828295462
AAGCGAACAA,11.9673243507
ACAAGAACAA,13.1683050426
AAAGCAACAA,11.0543981784
ACGCCAACAA,8.8044486675
TAGCCAACAA,9.5106371572
CAGCCAACAA,8.4453505091
GGCCCAACAA,8.7527895953
AACCCAACAA,10.9590672817
CAACCAACAA,8.4323822418
ACCACAACAA,9.8854520018
AGGGAAACAA,7.1464110338
CGACAAACAA,8.5598958527
CCACAAACAA,9.4848094053
ACACAAACAA,11.2154089853
TCTAAAACAA,10.8078551491
GAGAAAACAA,11.6548029228
CCAACTTAAA,10.3255146272
CCCGATTAAA,11.5036716176
CTACCGTAAA,3.6439079377
AACACGTAAA,11.8429967812
ACGAAGTAAA,12.2175036469
AAGAAGTAAA,12.0340770105
CCACGCTAAA,11.4442679832
GACGCCTAAA,11.9148050044
AGACACTAAA,10.3855049209
GTGAACTAAA,12.454775264
ACCAACTAAA,11.1261483205
CGAAACTAAA,11.7453157936
AAACGATAAA,13.6510697176
TAAAGATAAA,13.184611736
GCGCAATAAA,13.2817403485
ACCAAATAAA,11.4690048915
ACAAAATAAA,12.2361071536
CAATCTGAAA,13.2065652573
TCCACGGAAA,11.1273640255
CCGCCCGAAA,11.4674656975
GAGCCCGAAA,12.2047660256
CCCCACGAAA,11.3424834389
CAACACGAAA,10.1786038563
AATAACGAAA,13.4570322356
AAGAACGAAA,12.6757925508
CAGCTAGAAA,12.0224712691
CTACGAGAAA,13.0267806269
AACCCAGAAA,11.2340523073
GCACCAGAAA,8.829477596
ACCACAGAAA,9.6739163688
AAAACAGAAA,10.8398427364
CCTCAAGAAA,11.2903335556
ACTCAAGAAA,13.140062109
ACCCAAGAAA,12.1088078268
CACCAAGAAA,8.5392776994
ACACAAGAAA,12.8905462761
GCGAAAGAAA,13.1553661624
CCCAAAGAAA,11.2589973994
CTACGTCAAA,13.3071751478
AAAAGTCAAA,13.1277169036
CCCCCTCAAA,11.7975325859
CCCACTCAAA,11.6308754283
CGTCATCAAA,11.1148082552
GGGCATCAAA,9.5412243003
GCACATCAAA,13.5790085436
CCGAATCAAA,11.6710812705
CACCTGCAAA,9.817805837
GTAAGGCAAA,12.8753765711
CCCTCGCAAA,12.0572540247
CCATCGCAAA,10.7174288082
CACGCGCAAA,11.5189485769
CTAGCGCAAA,14.1485792082
GTACCGCAAA,13.1950470405
GGACCGCAAA,10.0951752719
CATCAGCAAA,10.7991232625
ACCCTCCAAA,11.2198690694
GTACTCCAAA,12.5435890186
GGTATCCAAA,12.316038629
GCCCGCCAAA,10.0129938653
CCACGCCAAA,9.6329255334
ACACGCCAAA,10.3412106746
TAAAGCCAAA,10.5066009425
AGATCCCAAA,11.9661184448
ACTGCCCAAA,13.0130979423
CAGGCCCAAA,11.8350435808
AGCCCCCAAA,11.2328690075
GCGACCCAAA,11.1862976379
CAAGACCAAA,10.4204819329
CATCACCAAA,7.8331172894
CACAACCAAA,9.9767105547
GAGATACAAA,13.0412375824
CCAAGACAAA,8.6980351945
AAAAGACAAA,11.7581247856
TCCGCACAAA,12.9828343268
AATCCACAAA,12.5828802263
TCCACACAAA,12.3490744083
CCCACACAAA,10.2283569687
GAAGAACAAA,13.7186077129
CTCCAACAAA,11.3249597189
CAACAACAAA,11.6385477623
GGTAAACAAA,12.8106192824
AGTAAACAAA,13.7025596346
ACTAAACAAA,13.4876254416
CGGAAACAAA,11.7697453638
ACGAAACAAA,13.5678498761
AACCGTAAAA,11.8578781588
ACGAGTAAAA,12.230454207
GGGGCTAAAA,9.2814949583
GTTACTAAAA,13.9746507292
ACAACTAAAA,12.5654132538
AATGATAAAA,11.605816503
CGCCATAAAA,10.3096382702
AACCATAAAA,11.3365462543
CAAAATAAAA,13.2083689823
GATAGGAAAA,11.9290385441
CAAACGAAAA,13.5327250727
GCCGAGAAAA,12.6593981769
GGGCAGAAAA,9.4232279183
CGCCAGAAAA,9.013978851
AACAAGAAAA,13.7003609563
ACAAAGAAAA,13.3310798826
CCGATCAAAA,11.9683332477
CCCATCAAAA,10.3029730906
ACCGGCAAAA,11.9502074928
TACGGCAAAA,11.8325617266
GCACGCAAAA,13.4728307723
ACCAGCAAAA,12.674891398
AAGGCCAAAA,10.9736628364
GAGCCCAAAA,12.7414168073
GCCCCCAAAA,12.7551372268
CACCCCAAAA,10.4652550922
CCACCCAAAA,10.724132685
AAACCCAAAA,12.7356288132
TGAACCAAAA,3.5311753917
AGAACCAAAA,12.2035581114
GCTGACAAAA,11.8048569369
CACCACAAAA,9.0809882272
AACCACAAAA,12.3436961475
ACACACAAAA,11.8017689551
GGGAACAAAA,12.7160228929
AACAACAAAA,13.3311634497
CCAAACAAAA,11.8955898077
CCCGTAAAAA,11.6994419173
CTACTAAAAA,12.4241791017
ACCTGAAAAA,12.2078208454
AACGGAAAAA,11.3301794359
CAAGGAAAAA,13.2939614855
CAACGAAAAA,12.9571240928
CGTAGAAAAA,13.3384696763
AGAAGAAAAA,14.1588092857
ATCTCAAAAA,12.1399742948
AAATCAAAAA,13.0298510437
ACGGCAAAAA,11.3798453198
ACAGCAAAAA,13.691300542
CAGCCAAAAA,3.4383276967
ACCCCAAAAA,11.6049106236
AACCCAAAAA,11.7650080612
CCACCAAAAA,9.3946306482
CCGACAAAAA,6.5353129286
CCCACAAAAA,11.9449788165
GACACAAAAA,9.9637084761
GCAACAAAAA,12.5268891233
CCAACAAAAA,11.6580341635
CAAACAAAAA,12.8220579464
AAAACAAAAA,13.0136528515
CGGGAAAAAA,10.0781511593
CCCGAAAAAA,12.2013416796
CATCAAAAAA,11.4994888088
GCGCAAAAAA,13.1473717167
CGCCAAAAAA,8.1712027971
AGCCAAAAAA,11.0019882846
AACCAAAAAA,11.0626953034
CCGAAAAAAA,10.9273310091
ATCAAAAAAA,12.8472066659
ACCAAAAAAA,11.6637183963
AACAAAAAAA,10.9630252708
CAAAAAAAAA,12.8845249922
